1	116935068	G	A
8	140933740	T	C
10	68591682	A	T
22	50704357	C	T
21	43358614	T	C
4	48867222	T	G
5	59823791	T	C
2	149143093	G	T
11	133068485	G	A
1	84277451	T	C
3	122009908	C	A
1	76252335	G	A
18	2072021	A	T
2	71816602	C	G
2	108397346	T	C
9	91014914	A	T
4	187045712	T	C
6	126290265	A	G
3	101814628	G	A
2	227973892	T	C
7	140862961	G	A
6	168641284	C	T
18	28893511	C	G
14	62038307	T	C
1	200115407	A	G
7	71689925	A	C
1	234342067	A	G
16	50284914	G	A
22	48228760	C	T
2	40336210	T	C
19	48481472	C	T
14	23260024	T	C
3	182642927	T	G
11	56542928	A	G
3	188693071	C	T
4	2674271	T	G
1	76504943	T	-
21	23122108	T	C
10	77661341	T	C
12	32349938	T	C
8	16639069	T	C
6	168222050	T	G
5	82824748	A	G
10	5063728	A	G
18	11772203	C	T
2	9551707	C	T
7	155190740	A	G
4	149366293	G	A
7	4070399	G	A
20	59984746	G	T
20	58309709	G	C
7	146195452	C	A
1	11005417	C	T
7	126107032	T	C
8	2933542	T	C
17	79525862	A	G
2	54738392	C	G
1	188835473	G	T
17	9140091	G	A
3	197019742	A	G
10	28398905	G	T
4	38803255	T	A
2	215975232	C	T
5	128884268	G	T
18	1594121	A	C
8	40702611	T	C
3	136466599	G	A
3	106863419	G	A
3	123617073	A	C
3	8884319	G	C
16	76523792	A	G
16	77765054	C	T
19	38736485	G	T
15	101655074	C	T
14	81586133	G	A
4	38798648	A	C
11	118063030	C	T
17	79129958	T	C
3	149315836	C	T
20	61146365	C	T
6	9765893	T	C
15	72588456	A	G
5	38313115	A	C
20	43377683	T	C
14	105679055	G	A
15	34258834	C	G
8	106509300	G	C
11	10701915	A	G
14	57465903	G	T
7	3927320	A	G
7	66789073	C	T
8	13089946	G	A
12	130960905	T	C
22	45549032	T	C
20	17603728	A	G
7	76505546	A	G
17	64985569	G	A
1	176201641	A	G
12	68761277	C	A
12	99635728	T	C
2	185529665	G	C
1	59253616	G	A
21	43951339	C	T
15	89921239	G	A
9	114754326	G	A
12	32322171	A	G
18	32247638	G	T
1	169576753	G	T
8	143764879	G	C
2	175197826	A	C
18	28627638	C	T
13	75978839	A	G
11	3919141	T	C
3	153224558	C	T
3	130196527	A	C
7	134452557	C	T
2	136608646	G	A
1	172293797	T	C
18	53559303	T	A
15	50612659	C	A
17	58610478	C	T
3	195415417	A	C
8	20820664	C	A
20	9756240	A	G
5	153176578	G	A
3	24789019	C	A
22	46771921	C	T
5	132345017	A	C
10	95346879	C	G
16	85397790	C	T
19	3571446	A	G
3	1449872	C	A
3	64315031	A	G
19	56371674	G	A
1	185735913	A	G
6	155741637	T	C
6	1512498	G	A
2	72368190	G	C
5	175279441	G	A
16	88727519	T	C
7	1791770	A	T
12	100781022	T	C
8	27418443	G	C
10	31786137	T	A
11	21476830	T	A
7	8339980	T	C
8	106115172	T	C
16	78727489	T	A
6	40372808	G	C
13	109846008	G	A
5	153546900	C	T
1	23795181	C	G
10	96900824	G	A
3	168942339	T	C
4	21724650	C	A
15	48426484	G	A
17	70381411	C	T
12	112800786	G	A
16	71473836	G	A
11	133934517	A	C
6	170726326	T	C
2	116416918	C	G
15	42754821	C	T
11	134613171	C	T
6	112662232	T	C
1	120044177	C	A
12	52509242	A	C
5	178626609	G	C
16	48375777	G	A
14	19696174	A	G
12	129948530	T	C
4	82683000	C	T
11	44713928	T	G
5	36179044	C	T
10	74200909	A	G
3	187677380	C	G
10	55888559	A	T
16	435529	T	C
20	62171421	C	G
22	25914727	G	C
11	78724586	G	A
19	2595287	A	G
15	63953153	G	A
11	78573664	T	A
7	158050209	G	T
2	216321788	C	G
18	77447047	G	A
1	234310757	G	A
11	71118788	C	A
5	180373862	A	G
6	16703365	T	G
11	34974109	G	A
16	19624752	G	T
2	109543883	C	T
10	27973632	A	G
12	10593461	T	A
7	12263800	A	G
8	140668560	G	A
16	48276823	G	A
6	166660967	C	T
2	127938928	T	G
2	46203796	G	A
16	88641321	T	C
2	234718593	T	C
19	49092551	A	G
9	21395605	T	G
14	19606909	A	C
14	80242132	C	T
2	206369054	T	G
12	112655124	C	T
4	182051841	A	G
3	12065682	A	T
4	162592559	G	A
5	142134628	C	T
8	93942737	T	C
3	70065049	G	A
2	242087712	A	G
2	39104559	A	G
4	21647862	C	T
18	55441626	T	C
15	99730259	G	A
9	125694610	C	A
7	124779350	T	C
13	114313494	G	A
15	55936935	G	A
9	4859106	T	C
10	94746240	G	A
15	62137834	T	C
15	53859262	A	C
13	98902117	A	C
6	110970007	A	G
7	80106254	C	T
21	47517772	C	G
7	75238617	C	T
22	22547460	T	C
5	88187764	C	A
6	168222062	A	G
18	76985839	G	C
5	502594	A	G
3	108192751	T	C
13	72272535	A	G
2	43237764	T	C
18	67624554	T	C
16	87239743	G	A
18	9404699	G	C
9	115234611	G	A
2	166187534	C	T
6	69529509	C	G
10	94967126	G	A
7	106158200	C	G
7	101513699	G	A
8	65605719	G	T
1	35366056	C	T
6	33081798	T	C
21	46048167	G	T
9	104385873	C	T
10	116101287	G	C
6	2745352	G	C
20	1371792	A	G
16	52495720	G	A
4	25674913	G	A
4	148820303	C	T
11	103970338	C	T
4	114383494	A	G
7	4081955	G	A
19	45041938	T	A
4	185121648	G	T
11	112832813	C	T
4	38798648	A	C
6	33028638	A	G
2	206152828	A	G
6	170562523	G	A
12	11701488	A	G
17	58412036	G	A
4	48867222	T	G
16	89842903	A	T
15	94855913	A	G
1	230206696	A	G
2	69256810	T	A
1	237788826	G	C
15	93585347	C	G
16	84007565	G	A
7	32248190	G	A
15	28365618	A	G
19	54414465	G	A
16	88998192	T	C
12	40177313	T	C
1	46866577	G	A
6	169611820	G	A
21	45596412	G	C
18	63499096	A	T
2	109006665	T	A
12	22499621	C	A
20	8816665	G	A
5	15566295	G	A
4	2433058	T	G
20	62167704	G	A
8	51032225	G	A
13	67955966	G	T
5	106296179	T	G
5	179545300	G	A
17	35672393	T	C
9	117033219	T	C
15	61814308	T	C
12	54761931	C	T
1	100707489	A	G
19	35771382	G	A
4	75036044	A	G
18	13437993	G	A
2	29980408	T	G
7	75163169	G	A
7	83018986	T	C
8	106505971	G	T
17	2316831	C	T
6	136516257	C	T
5	79416511	G	A
21	23134214	A	G
14	97324289	A	G
4	91700562	T	A
13	49067103	C	T
2	26766053	A	G
15	69980542	A	C
12	123971491	G	A
16	89113583	G	A
14	57746217	G	C
8	58805517	T	C
20	53252640	A	C
3	67453290	G	A
18	5407839	T	C
12	113342162	A	G
8	62165875	G	A
19	6455890	T	C
15	101087772	G	C
3	32806766	T	C
8	27826331	T	C
2	112237234	G	A
2	238659708	T	C
12	99257643	G	C
1	246887046	T	G
8	42253960	G	T
7	45428369	T	C
20	25020047	C	T
3	32117144	C	T
3	167790693	A	G
9	129369399	A	C
20	1372386	G	A
7	101722836	G	A
7	80104891	C	T
1	246074181	C	A
4	99968811	C	T
8	73855990	T	A
17	73386086	C	T
4	109047911	A	T
4	134909131	G	A
1	224740141	A	G
3	140288628	C	T
8	140678399	G	C
1	43370522	T	G
17	65032297	C	A
1	70157086	A	G
6	152571040	G	A
7	18007588	C	G
10	67428679	A	T
11	88935088	C	T
1	151782334	C	G
3	188675732	A	G
2	41366779	A	G
6	54199780	C	T
8	139086954	C	G
2	214009667	G	A
16	87404088	C	G
13	20124094	T	C
3	45945762	G	A
14	80335447	T	G
7	135863198	G	A
12	117765518	C	T
10	84074976	T	C
9	131557002	C	T
11	120100867	G	A
8	32026489	A	G
5	149907533	G	T
1	159174683	T	C
12	101203640	A	G
9	115304295	G	A
11	120617504	C	T
17	59312048	C	G
1	202587012	C	T
13	67955966	G	T
2	206254147	C	T
17	63898157	C	T
7	98898767	C	T
14	105388755	A	G
17	78429030	C	T
13	25919996	T	C
3	188703960	G	C
5	147615023	C	G
7	157197114	T	C
11	19620227	C	T
18	9343179	G	A
5	147654463	A	G
9	136769888	A	G
10	124238710	T	C
10	67428671	G	C
17	44539382	T	G
22	35534933	G	C
4	162600169	C	A
16	213139	G	T
21	17928554	C	A
13	41021072	C	T
3	57209197	G	T
17	77985070	T	G
12	8131189	C	G
5	138439801	A	G
8	130473200	C	T
2	136138627	A	G
1	110201699	C	T
4	140544936	A	C
21	33388531	T	A
2	141845251	C	T
2	72826665	A	G
19	41641521	C	A
9	100343710	T	G
7	22811124	T	C
22	46500164	C	G
17	4646064	A	G
14	105937272	G	A
20	14163707	A	T
9	136630398	T	C
11	61514670	G	C
15	28187772	A	T
3	69419614	C	A
8	144946345	G	A
12	22499621	C	A
20	48501606	G	A
6	34965012	C	T
7	146401434	A	G
16	81309737	A	G
11	64532579	C	A
10	26992235	T	C
18	6096445	C	T
2	34501404	A	G
5	7736067	T	C
4	106698892	T	C
8	54704553	A	C
3	65639657	G	C
14	69592781	T	C
12	50782198	C	T
5	75644237	G	A
12	22602796	G	A
2	158126458	T	C
11	5435134	C	A
3	131901392	G	T
4	106898895	C	T
22	45279529	A	G
14	89884723	G	A
2	18525322	T	C
19	54291411	A	C
12	40177313	T	C
16	18238296	C	A
11	125342894	C	T
4	42058286	T	C
12	13103469	G	A
2	145715873	A	G
13	50526732	T	A
1	43370522	T	G
17	38592070	A	G
2	8209226	C	A
9	86073627	C	A
8	7281213	A	G
3	195506775	G	A
4	114383494	A	G
7	74604819	G	A
3	69463899	G	T
4	101108332	C	T
17	2316711	A	G
2	154896323	A	T
7	47103348	C	A
9	78788473	A	G
3	67454405	G	A
8	145639681	G	C
2	26113913	A	G
12	6066357	G	A
4	48867222	T	G
5	167095559	A	C
3	54495617	A	G
22	29854959	T	C
14	24421664	A	G
5	33951693	C	G
10	64344371	C	A
6	151338736	C	T
16	56429474	C	T
19	51062940	G	C
17	73349497	T	C
21	42550402	C	G
18	11090948	T	C
2	153268611	A	G
16	88264338	C	T
1	165465281	A	G
3	71088268	T	C
17	4400392	C	T
8	10903475	A	T
2	236886196	A	T
3	96610897	G	T
